country_x,country_code,year,Health expenditure per capita - Total,country_y,life_expect,maternal_mortality,infant_mortality,neonatal_mortality,under_5_mortality,prev_hiv,inci_tuberc,prev_undernourishment
Argentina,ARG,2004,1487.531,Argentina,74.855,73.0,15.4,9.6,17.3,0.3,34.0,3.9
Argentina,ARG,2005,1676.481,Argentina,75.139,63.0,15.0,9.1,16.7,0.4,31.0,3.6
Argentina,ARG,2006,1817.406,Argentina,75.433,61.0,14.5,8.7,16.2,0.4,28.0,3.3
Argentina,ARG,2007,2018.376,Argentina,75.006,63.0,14.1,8.4,15.8,0.4,30.0,3.2
Argentina,ARG,2008,2196.941,Argentina,75.641,59.0,13.8,8.1,15.4,0.4,26.0,3.2
Argentina,ARG,2009,2348.035,Argentina,75.936,57.0,13.4,7.8,15.0,0.4,22.0,3.4
Argentina,ARG,2010,2543.665,Argentina,75.721,55.0,12.9,7.6,14.5,0.4,21.0,3.6
Argentina,ARG,2011,2709.686,Argentina,76.124,50.0,12.4,7.5,13.9,0.4,27.0,3.6
Argentina,ARG,2012,2779.896,Argentina,76.467,45.0,11.9,7.4,13.3,0.4,24.0,3.4
Argentina,ARG,2013,2802.881,Argentina,76.491,43.0,11.4,7.3,12.8,0.4,24.0,3.1
Argentina,ARG,2014,2667.006,Argentina,76.755,42.0,10.9,7.1,12.2,0.4,25.0,2.8
Argentina,ARG,2015,2849.732,Argentina,76.76,39.0,10.5,6.8,11.8,0.4,26.0,2.8
Argentina,ARG,2016,2719.332,Argentina,76.308,40.0,10.1,6.5,11.4,0.4,27.0,3.0
Argentina,ARG,2017,2882.928,Argentina,76.833,38.0,9.8,6.2,11.0,0.4,27.0,3.4
Argentina,ARG,2018,2780.539,Argentina,76.999,34.0,9.5,6.1,10.6,0.4,27.0,3.5
Argentina,ARG,2019,2625.546,Argentina,77.284,33.0,9.2,6.0,10.3,0.4,29.0,3.5
Argentina,ARG,2020,2478.095,Argentina,75.892,45.0,8.9,5.9,10.0,0.4,28.0,3.4
Australia,AUS,2001,3039.122,Australia,79.6341463414634,6.0,5.0,3.5,6.1,0.1,5.8,2.5
Australia,AUS,2002,3180.573,Australia,79.9365853658537,6.0,5.0,3.4,6.0,0.1,5.9,2.5
Australia,AUS,2003,3332.624,Australia,80.2390243902439,6.0,4.9,3.4,5.9,0.1,5.5,2.5
Australia,AUS,2004,3548.175,Australia,80.490243902439,5.0,4.8,3.3,5.8,0.1,6.1,2.5
Australia,AUS,2005,3612.7,Australia,80.8414634146341,5.0,4.8,3.3,5.7,0.1,5.9,2.5
Australia,AUS,2006,3749.335,Australia,81.0414634146342,5.0,4.7,3.2,5.6,0.1,6.5,2.5
Australia,AUS,2007,3895.468,Australia,81.2926829268293,5.0,4.5,3.1,5.4,0.1,6.1,2.5
Australia,AUS,2008,4052.738,Australia,81.3951219512195,5.0,4.4,3.0,5.2,0.1,6.5,2.5
Australia,AUS,2009,4138.789,Australia,81.5439024390244,5.0,4.2,2.9,5.0,0.1,6.8,2.5
Australia,AUS,2010,4271.338,Australia,81.6951219512195,5.0,4.0,2.8,4.8,0.1,6.5,2.5
Australia,AUS,2011,4409.157,Australia,81.8951219512195,6.0,3.8,2.6,4.5,0.1,6.3,2.5
Australia,AUS,2012,4408.33,Australia,82.0463414634146,6.0,3.6,2.5,4.3,0.1,6.6,2.5
Australia,AUS,2013,4455.309,Australia,82.1487804878049,6.0,3.5,2.4,4.1,0.1,6.2,2.5
Australia,AUS,2014,4945.727,Australia,82.3,5.0,3.4,2.4,4.0,0.1,6.5,2.5
Australia,AUS,2015,5075.413,Australia,82.4,5.0,3.3,2.3,3.9,0.1,6.0,2.5
Australia,AUS,2016,5225.767,Australia,82.4487804878049,5.0,3.2,2.3,3.8,0.1,6.5,2.5
Australia,AUS,2017,5321.048,Australia,82.5,5.0,3.2,2.3,3.8,0.1,6.7,2.5
Australia,AUS,2018,5426.781,Australia,82.7487804878049,4.0,3.2,2.3,3.8,0.1,6.6,2.5
Australia,AUS,2019,5435.483,Australia,82.9,5.0,3.2,2.4,3.8,0.1,6.8,2.5
Australia,AUS,2020,5819.048,Australia,83.2,3.0,3.2,2.4,3.8,0.1,7.2,2.5
Belgium,BEL,2001,3987.254,Belgium,77.9731707317073,8.0,4.7,2.9,5.7,0.1,15.0,2.5
Belgium,BEL,2002,4125.222,Belgium,78.0756097560976,8.0,4.5,2.8,5.5,0.1,13.0,2.5
Belgium,BEL,2003,4584.226,Belgium,78.1292682926829,7.0,4.4,2.7,5.3,0.1,12.0,2.5
Belgium,BEL,2004,4790.613,Belgium,78.8780487804878,7.0,4.3,2.7,5.2,0.1,12.0,2.5
Belgium,BEL,2005,4781.754,Belgium,78.9804878048781,7.0,4.1,2.6,5.0,0.2,12.0,2.5
Belgium,BEL,2006,4781.556,Belgium,79.380487804878,6.0,4.0,2.6,4.9,0.2,11.0,2.5
Belgium,BEL,2007,4890.794,Belgium,79.7829268292683,7.0,3.9,2.5,4.8,0.2,10.0,2.5
Belgium,BEL,2008,5036.837,Belgium,79.6804878048781,6.0,3.8,2.4,4.7,0.2,10.0,2.5
Belgium,BEL,2009,5404.678,Belgium,80.0341463414634,6.0,3.8,2.4,4.6,0.2,9.8,2.5
Belgium,BEL,2010,5417.472,Belgium,80.1829268292683,6.0,3.7,2.3,4.5,0.2,11.0,2.5
Belgium,BEL,2011,5407.163,Belgium,80.5853658536585,6.0,3.6,2.3,4.4,0.2,10.0,2.5
Belgium,BEL,2012,5470.976,Belgium,80.3853658536585,5.0,3.5,2.3,4.3,0.2,9.4,2.5
Belgium,BEL,2013,5506.451,Belgium,80.5878048780488,6.0,3.5,2.3,4.2,0.2,9.3,2.5
Belgium,BEL,2014,5574.688,Belgium,81.2878048780488,5.0,3.4,2.3,4.2,0.2,9.1,2.5
Belgium,BEL,2015,5789.392,Belgium,80.9926829268293,5.0,3.4,2.3,4.1,0.2,9.5,2.5
Belgium,BEL,2016,5856.383,Belgium,81.4390243902439,5.0,3.4,2.3,4.1,0.2,10.0,2.5
Belgium,BEL,2017,5938.933,Belgium,81.4926829268293,5.0,3.3,2.3,4.0,0.2,9.3,2.5
Belgium,BEL,2018,6021.828,Belgium,81.5951219512195,5.0,3.3,2.3,4.0,0.2,9.2,2.5
Belgium,BEL,2019,6082.866,Belgium,81.9951219512195,5.0,3.3,2.3,3.9,0.2,9.0,2.5
Belgium,BEL,2020,6096.546,Belgium,80.6951219512195,5.0,3.2,2.3,3.9,0.2,7.8,2.5
Brazil,BRA,2001,1107.184,Brazil,70.195,68.0,28.5,17.9,32.4,0.3,48.0,10.4
Brazil,BRA,2002,1157.063,Brazil,70.41,72.0,26.7,16.9,30.3,0.3,52.0,9.0
Brazil,BRA,2003,1086.339,Brazil,70.72,69.0,25.0,15.9,28.3,0.4,53.0,7.6
Brazil,BRA,2004,1138.422,Brazil,71.131,70.0,23.5,15.0,26.4,0.4,54.0,6.6
Brazil,BRA,2005,1145.37,Brazil,71.753,70.0,22.0,14.2,24.7,0.4,50.0,6.2
Brazil,BRA,2006,1218.298,Brazil,72.037,71.0,20.6,13.4,23.2,0.4,46.0,5.9
Brazil,BRA,2007,1278.99,Brazil,72.365,72.0,19.4,12.7,21.8,0.4,46.0,5.4
Brazil,BRA,2008,1307.279,Brazil,72.715,70.0,18.4,12.1,20.6,0.4,46.0,4.9
Brazil,BRA,2009,1358.86,Brazil,72.948,68.0,17.4,11.6,19.5,0.5,45.0,4.1
Brazil,BRA,2010,1385.93,Brazil,73.182,64.0,16.6,11.1,18.6,0.5,44.0,3.5
Brazil,BRA,2011,1408.424,Brazil,73.343,62.0,16.0,10.7,17.9,0.5,44.0,3.0
Brazil,BRA,2012,1413.623,Brazil,73.552,57.0,15.4,10.3,17.2,0.5,44.0,2.8
Brazil,BRA,2013,1476.506,Brazil,73.918,61.0,14.9,9.9,16.7,0.5,44.0,2.6
Brazil,BRA,2014,1541.713,Brazil,74.306,62.0,14.5,9.7,16.3,0.5,43.0,2.5
Brazil,BRA,2015,1545.663,Brazil,74.332,62.0,14.2,9.4,15.9,0.5,43.0,2.5
Brazil,BRA,2016,1516.133,Brazil,74.442,63.0,15.0,10.0,16.7,0.5,43.0,2.5
Brazil,BRA,2017,1574.586,Brazil,74.827,60.0,13.7,9.1,15.3,0.5,44.0,2.5
Brazil,BRA,2018,1594.538,Brazil,75.109,59.0,13.4,9.0,15.0,0.5,46.0,2.5
Brazil,BRA,2019,1625.225,Brazil,75.338,61.0,13.2,8.9,14.8,0.5,46.0,2.5
Brazil,BRA,2020,1578.256,Brazil,74.009,72.0,13.0,8.8,14.5,0.6,45.0,3.4
Bulgaria,BGR,2003,884.415,Bulgaria,72.0658536585366,17.0,12.5,6.8,15.1,0.1,52.0,4.7
Bulgaria,BGR,2004,926.344,Bulgaria,72.5634146341463,15.0,11.8,6.4,14.2,0.1,49.0,5.1
Bulgaria,BGR,2005,993.605,Bulgaria,72.5609756097561,14.0,11.0,5.9,13.3,0.1,52.0,5.0
Bulgaria,BGR,2006,1051.808,Bulgaria,72.6121951219512,12.0,10.4,5.6,12.5,0.1,51.0,5.2
Bulgaria,BGR,2007,1092.514,Bulgaria,72.6634146341463,10.0,9.9,5.4,11.9,0.1,47.0,4.8
Bulgaria,BGR,2008,1202.305,Bulgaria,72.9634146341463,9.0,9.6,5.2,11.4,0.1,49.0,4.6
Bulgaria,BGR,2009,1260.529,Bulgaria,73.4121951219512,10.0,9.3,5.1,11.1,0.1,44.0,4.6
Bulgaria,BGR,2010,1365.0,Bulgaria,73.5121951219512,10.0,9.0,5.1,10.8,0.1,41.0,4.8
Bulgaria,BGR,2011,1439.52,Bulgaria,74.1634146341463,8.0,8.7,4.9,10.3,0.1,37.0,5.1
Bulgaria,BGR,2012,1519.749,Bulgaria,74.3146341463415,8.0,8.2,4.7,9.8,0.1,36.0,4.6
Bulgaria,BGR,2013,1472.01,Bulgaria,74.8609756097561,7.0,7.7,4.5,9.2,0.1,33.0,4.1
Bulgaria,BGR,2014,1612.488,Bulgaria,74.4658536585366,7.0,7.3,4.3,8.7,0.1,32.0,4.1
Bulgaria,BGR,2015,1639.297,Bulgaria,74.6146341463415,8.0,6.8,4.1,8.2,0.1,28.0,4.0
Bulgaria,BGR,2016,1755.087,Bulgaria,74.8121951219512,7.0,6.4,3.9,7.7,0.1,27.0,4.1
Bulgaria,BGR,2017,1844.784,Bulgaria,74.8146341463415,7.0,6.1,3.6,7.3,0.1,25.0,3.4
Bulgaria,BGR,2018,1901.821,Bulgaria,74.9634146341464,7.0,5.8,3.4,7.0,0.1,23.0,3.0
Bulgaria,BGR,2019,1986.2,Bulgaria,75.1121951219512,7.0,5.6,3.2,6.7,0.1,23.0,3.0
Bulgaria,BGR,2020,2391.507,Bulgaria,73.6585365853659,7.0,5.4,3.0,6.5,0.1,16.0,2.9
Canada,CAN,2001,3566.285,Canada,79.3980487804878,10.0,5.3,3.8,6.2,0.2,6.5,2.5
Canada,CAN,2002,3692.159,Canada,79.5307317073171,10.0,5.3,3.9,6.2,0.2,6.1,2.5
Canada,CAN,2003,3837.345,Canada,79.7151219512195,11.0,5.3,3.9,6.2,0.2,5.9,2.5
Canada,CAN,2004,4006.356,Canada,79.9921951219512,11.0,5.3,3.9,6.1,0.2,5.5,2.5
Canada,CAN,2005,4122.513,Canada,80.1126829268293,11.0,5.2,3.9,6.1,0.2,5.5,2.5
Canada,CAN,2006,4358.913,Canada,80.5436585365854,11.0,5.2,3.9,6.0,0.2,5.4,2.5
Canada,CAN,2007,4514.405,Canada,80.5436585365854,11.0,5.1,3.8,6.0,0.2,5.3,2.5
Canada,CAN,2008,4673.809,Canada,80.7246341463415,13.0,5.1,3.8,5.9,0.2,5.4,2.5
Canada,CAN,2009,4845.399,Canada,81.0660975609756,13.0,5.0,3.8,5.8,0.2,5.3,2.5
Canada,CAN,2010,5011.498,Canada,81.3221951219512,12.0,5.0,3.8,5.7,0.2,4.6,2.5
Canada,CAN,2011,5013.978,Canada,81.4826829268293,12.0,4.9,3.7,5.7,0.2,4.8,2.5
Canada,CAN,2012,5101.292,Canada,81.6636585365854,12.0,4.8,3.7,5.6,0.2,5.4,2.5
Canada,CAN,2013,5109.15,Canada,81.7448780487805,11.0,4.8,3.6,5.5,0.2,5.3,2.5
Canada,CAN,2014,5124.869,Canada,81.7843902439025,12.0,4.7,3.6,5.4,0.2,5.1,2.5
Canada,CAN,2015,5253.683,Canada,81.8156097560976,12.0,4.7,3.6,5.4,0.2,5.2,2.5
Canada,CAN,2016,5385.412,Canada,81.9248780487805,13.0,4.6,3.5,5.3,0.2,5.5,2.5
Canada,CAN,2017,5488.334,Canada,81.8329268292683,13.0,4.6,3.5,5.3,0.2,5.6,2.5
Canada,CAN,2018,5567.372,Canada,81.8439024390244,11.0,4.5,3.4,5.2,0.2,5.5,2.5
Canada,CAN,2019,5640.969,Canada,82.2239024390244,11.0,4.5,3.4,5.1,0.2,5.8,2.5
Canada,CAN,2020,6208.613,Canada,81.6604878048781,11.0,4.5,3.4,5.1,0.2,5.3,2.5
Chile,CHL,2001,1074.699,Chile,76.773,34.0,8.7,5.4,10.3,0.2,22.0,3.2
Chile,CHL,2002,1114.511,Chile,77.445,32.0,8.4,5.3,9.8,0.2,18.0,3.1
Chile,CHL,2003,1174.018,Chile,77.387,32.0,8.1,5.3,9.5,0.2,16.0,3.0
Chile,CHL,2004,1246.553,Chile,77.616,29.0,7.9,5.4,9.3,0.2,19.0,3.1
Chile,CHL,2005,1284.287,Chile,78.016,27.0,7.8,5.4,9.1,0.2,18.0,3.0
Chile,CHL,2006,1338.225,Chile,78.261,29.0,7.7,5.4,9.0,0.2,18.0,3.0
Chile,CHL,2007,1430.583,Chile,77.826,28.0,7.6,5.4,8.9,0.3,17.0,3.0
Chile,CHL,2008,1460.335,Chile,78.484,26.0,7.6,5.3,8.9,0.3,17.0,3.3
Chile,CHL,2009,1701.046,Chile,78.741,24.0,7.6,5.3,8.8,0.3,16.0,3.6
Chile,CHL,2010,1615.202,Chile,78.501,23.0,7.5,5.3,8.7,0.3,16.0,3.7
Chile,CHL,2011,1688.033,Chile,79.11,20.0,7.3,5.3,8.5,0.3,16.0,3.8
Chile,CHL,2012,1793.612,Chile,79.023,19.0,7.2,5.3,8.4,0.3,16.0,3.5
Chile,CHL,2013,1936.624,Chile,79.339,18.0,7.1,5.2,8.2,0.4,16.0,3.4
Chile,CHL,2014,2041.482,Chile,79.473,16.0,7.0,5.2,8.1,0.4,15.0,3.3
Chile,CHL,2015,2181.035,Chile,79.746,16.0,6.8,5.1,8.0,0.4,16.0,3.3
Chile,CHL,2016,2269.366,Chile,80.079,15.0,6.7,5.1,7.8,0.4,16.0,3.2
Chile,CHL,2017,2462.771,Chile,80.35,15.0,6.6,5.0,7.6,0.5,17.0,3.1
Chile,CHL,2018,2526.753,Chile,80.133,15.0,6.4,4.8,7.4,0.5,18.0,3.0
Chile,CHL,2019,2536.159,Chile,80.326,15.0,6.2,4.7,7.1,0.5,17.0,2.7
Chile,CHL,2020,2488.957,Chile,79.377,15.0,5.9,4.5,6.9,0.6,14.0,2.5
Colombia,COL,2001,615.399,Colombia,71.502,94.0,20.6,13.0,24.3,0.3,36.0,8.6
Colombia,COL,2002,592.165,Colombia,71.939,93.0,20.0,12.7,23.6,0.4,35.0,8.9
Colombia,COL,2003,618.508,Colombia,72.361,83.0,19.4,12.3,22.8,0.4,35.0,9.6
Colombia,COL,2004,660.031,Colombia,72.695,82.0,18.9,12.0,22.2,0.4,33.0,10.4
Colombia,COL,2005,725.04,Colombia,73.081,82.0,18.3,11.6,21.5,0.4,30.0,11.1
Colombia,COL,2006,800.012,Colombia,73.468,82.0,17.8,11.3,20.9,0.4,32.0,11.3
Colombia,COL,2007,865.586,Colombia,73.837,83.0,17.3,11.0,20.2,0.4,31.0,10.9
Colombia,COL,2008,958.755,Colombia,74.295,73.0,16.8,10.6,19.6,0.4,32.0,11.1
Colombia,COL,2009,1021.747,Colombia,74.742,71.0,16.2,10.3,19.0,0.4,32.0,11.2
Colombia,COL,2010,1035.236,Colombia,75.033,71.0,15.7,9.9,18.4,0.4,32.0,11.3
Colombia,COL,2011,1061.593,Colombia,75.32,71.0,15.2,9.6,17.8,0.4,33.0,10.1
Colombia,COL,2012,1086.518,Colombia,75.597,71.0,14.8,9.3,17.2,0.4,33.0,8.7
Colombia,COL,2013,1171.611,Colombia,75.827,70.0,14.3,9.0,16.6,0.4,32.0,7.2
Colombia,COL,2014,1230.813,Colombia,76.043,70.0,13.8,8.7,16.1,0.4,31.0,5.9
Colombia,COL,2015,1270.997,Colombia,76.257,70.0,13.4,8.4,15.6,0.4,31.0,5.1
Colombia,COL,2016,1268.882,Colombia,76.471,70.0,13.0,8.2,15.1,0.4,33.0,4.6
Colombia,COL,2017,1312.671,Colombia,76.646,71.0,12.6,7.9,14.6,0.4,33.0,4.3
Colombia,COL,2018,1345.978,Colombia,76.748,63.0,12.2,7.6,14.2,0.4,33.0,4.3
Colombia,COL,2019,1376.834,Colombia,76.752,65.0,11.8,7.4,13.7,0.4,35.0,4.3
Colombia,COL,2020,1379.007,Colombia,74.769,75.0,11.4,7.1,13.3,0.5,34.0,4.4
Costa Rica,CRI,2004,890.477,Costa Rica,78.331,32.0,9.9,7.1,11.5,0.2,21.0,4.0
Costa Rica,CRI,2005,900.769,Costa Rica,78.505,31.0,9.8,7.1,11.3,0.2,16.0,3.4
Costa Rica,CRI,2006,982.262,Costa Rica,78.514,29.0,9.7,7.0,11.2,0.2,14.0,2.9
Costa Rica,CRI,2007,1043.837,Costa Rica,78.462,28.0,9.6,6.9,11.1,0.3,16.0,2.7
Costa Rica,CRI,2008,1133.149,Costa Rica,78.445,27.0,9.5,6.7,10.9,0.3,14.0,2.7
Costa Rica,CRI,2009,1228.581,Costa Rica,78.672,26.0,9.4,6.6,10.7,0.3,12.0,2.8
Costa Rica,CRI,2010,1313.084,Costa Rica,78.67,27.0,9.2,6.5,10.5,0.3,13.0,3.0
Costa Rica,CRI,2011,1359.088,Costa Rica,79.348,24.0,8.9,6.5,10.2,0.3,14.0,3.2
Costa Rica,CRI,2012,1364.328,Costa Rica,79.283,24.0,8.6,6.5,9.9,0.4,13.0,3.1
Costa Rica,CRI,2013,1370.558,Costa Rica,79.403,23.0,8.2,6.4,9.6,0.4,11.0,2.9
Costa Rica,CRI,2014,1413.926,Costa Rica,78.774,24.0,7.9,6.3,9.3,0.4,12.0,2.7
Costa Rica,CRI,2015,1467.961,Costa Rica,79.086,20.0,7.7,6.2,9.0,0.4,11.0,2.5
Costa Rica,CRI,2016,1468.871,Costa Rica,79.459,19.0,7.6,6.1,8.8,0.4,9.4,2.5
Costa Rica,CRI,2017,1453.864,Costa Rica,79.377,19.0,7.5,6.0,8.6,0.4,9.6,2.5
Costa Rica,CRI,2018,1522.242,Costa Rica,79.484,18.0,7.3,6.0,8.5,0.4,10.0,2.5
Costa Rica,CRI,2019,1533.99,Costa Rica,79.427,19.0,7.2,6.2,8.3,0.4,10.0,2.5
Costa Rica,CRI,2020,1581.441,Costa Rica,79.277,22.0,7.0,6.5,8.1,0.5,9.8,2.5
Croatia,HRV,2003,1447.603,Croatia,74.6139024390244,11.0,6.3,4.7,7.4,0.1,37.0,3.7
Croatia,HRV,2004,1572.214,Croatia,75.520243902439,10.0,6.0,4.4,7.0,0.1,31.0,3.1
Croatia,HRV,2005,1718.29,Croatia,75.2446341463415,9.0,5.8,4.2,6.7,0.1,28.0,2.5
Croatia,HRV,2006,1834.798,Croatia,75.8368292682927,9.0,5.5,4.0,6.4,0.1,27.0,2.5
Croatia,HRV,2007,2084.581,Croatia,75.7056097560976,9.0,5.3,3.9,6.1,0.1,25.0,2.5
Croatia,HRV,2008,2201.0,Croatia,75.9121951219512,8.0,5.0,3.8,5.9,0.1,26.0,2.5
Croatia,HRV,2009,2160.093,Croatia,76.1682926829268,9.0,4.8,3.7,5.7,0.1,22.0,2.5
Croatia,HRV,2010,2104.557,Croatia,76.4756097560976,7.0,4.7,3.6,5.5,0.1,18.0,2.5
Croatia,HRV,2011,1961.911,Croatia,76.7756097560976,7.0,4.5,3.4,5.3,0.1,17.0,2.8
Croatia,HRV,2012,1907.831,Croatia,76.9243902439024,6.0,4.4,3.3,5.2,0.1,15.0,2.5
Croatia,HRV,2013,1631.792,Croatia,77.1268292682927,6.0,4.3,3.2,5.1,0.1,14.0,2.5
Croatia,HRV,2014,1691.521,Croatia,77.4780487804878,6.0,4.2,3.1,5.0,0.1,14.0,2.5
Croatia,HRV,2015,1777.755,Croatia,77.2756097560976,6.0,4.2,3.1,4.9,0.1,13.0,2.5
Croatia,HRV,2016,1889.293,Croatia,78.0219512195122,5.0,4.1,3.0,4.9,0.1,12.0,2.5
Croatia,HRV,2017,1965.698,Croatia,77.8268292682927,5.0,4.1,2.9,4.8,0.1,10.0,2.5
Croatia,HRV,2018,2084.461,Croatia,78.0707317073171,5.0,4.0,2.9,4.8,0.1,10.0,2.5
Croatia,HRV,2019,2212.67,Croatia,78.4243902439025,5.0,4.0,2.9,4.7,0.1,8.6,2.5
Croatia,HRV,2020,2314.93,Croatia,77.7243902439024,5.0,4.0,2.9,4.7,0.1,5.1,2.5
Cyprus,CYP,2003,2048.282,Cyprus,77.788,31.0,4.5,2.9,5.3,0.1,4.0,6.8
Cyprus,CYP,2004,2057.884,Cyprus,77.944,32.0,4.2,2.7,5.0,0.1,3.4,7.6
Cyprus,CYP,2005,2104.015,Cyprus,78.101,27.0,3.9,2.5,4.7,0.1,3.8,8.4
Cyprus,CYP,2006,2168.571,Cyprus,78.371,31.0,3.7,2.4,4.3,0.1,3.9,8.4
Cyprus,CYP,2007,2193.534,Cyprus,78.81,26.0,3.4,2.2,4.1,0.1,4.4,7.8
Cyprus,CYP,2008,2505.634,Cyprus,78.981,27.0,3.2,2.1,3.8,0.1,5.1,7.4
Cyprus,CYP,2009,2562.646,Cyprus,79.401,30.0,3.0,2.0,3.6,0.1,5.3,5.5
Cyprus,CYP,2010,2548.532,Cyprus,79.665,27.0,2.8,1.9,3.4,0.1,6.2,3.6
Cyprus,CYP,2011,2434.5,Cyprus,79.999,31.0,2.6,1.8,3.2,0.1,5.1,2.5
Cyprus,CYP,2012,2340.393,Cyprus,80.109,32.0,2.5,1.7,3.1,0.1,6.2,2.5
Cyprus,CYP,2013,2316.492,Cyprus,80.402,36.0,2.4,1.7,3.0,0.1,4.0,2.5
Cyprus,CYP,2014,2278.256,Cyprus,80.771,39.0,2.4,1.7,2.9,0.1,3.7,2.5
Cyprus,CYP,2015,2342.133,Cyprus,80.966,42.0,2.4,1.7,2.9,0.1,5.9,2.5
Cyprus,CYP,2016,2463.599,Cyprus,81.056,42.0,2.4,1.7,3.0,0.1,5.3,2.5
Cyprus,CYP,2017,2569.113,Cyprus,81.328,49.0,2.4,1.7,3.0,0.1,4.8,2.5
Cyprus,CYP,2018,2758.279,Cyprus,81.382,59.0,2.5,1.8,3.1,0.1,4.6,2.5
Cyprus,CYP,2019,2987.341,Cyprus,81.397,64.0,2.5,1.8,3.2,0.1,5.9,2.5
Cyprus,CYP,2020,3489.936,Cyprus,81.391,68.0,2.6,1.9,3.3,0.1,3.0,2.5
Czechia,CZE,2001,1869.463,Czechia,75.1731707317073,8.0,4.3,2.5,5.2,0.1,15.0,2.5
Czechia,CZE,2002,2027.375,Czechia,75.2219512195122,7.0,4.1,2.4,5.0,0.1,13.0,2.5
Czechia,CZE,2003,2230.002,Czechia,75.1707317073171,6.0,3.9,2.3,4.8,0.1,13.0,2.5
Czechia,CZE,2004,2280.551,Czechia,75.7219512195122,6.0,3.7,2.3,4.6,0.1,12.0,2.5
Czechia,CZE,2005,2390.374,Czechia,75.9243902439025,5.0,3.6,2.2,4.4,0.1,11.0,2.5
Czechia,CZE,2006,2432.809,Czechia,76.5243902439024,5.0,3.4,2.1,4.1,0.1,11.0,2.5
Czechia,CZE,2007,2491.195,Czechia,76.7243902439025,5.0,3.2,2.0,3.9,0.1,8.8,2.5
Czechia,CZE,2008,2625.019,Czechia,76.9756097560976,5.0,3.0,1.9,3.7,0.1,8.9,2.5
Czechia,CZE,2009,2881.371,Czechia,77.0780487804878,5.0,2.9,1.7,3.5,0.1,7.0,2.5
Czechia,CZE,2010,2963.847,Czechia,77.4243902439025,4.0,2.7,1.7,3.4,0.1,6.8,2.5
Czechia,CZE,2011,2952.508,Czechia,77.8731707317073,4.0,2.6,1.6,3.3,0.1,6.2,2.5
Czechia,CZE,2012,2940.737,Czechia,78.0756097560976,4.0,2.6,1.6,3.2,0.1,6.2,2.5
Czechia,CZE,2013,2924.82,Czechia,78.1756097560976,3.0,2.5,1.6,3.1,0.1,5.2,2.5
Czechia,CZE,2014,3069.439,Czechia,78.8243902439024,3.0,2.5,1.6,3.1,0.1,5.2,2.5
Czechia,CZE,2015,3120.284,Czechia,78.5780487804878,4.0,2.6,1.6,3.2,0.1,5.6,2.5
Czechia,CZE,2016,3219.221,Czechia,79.0268292682927,3.0,2.6,1.6,3.2,0.1,5.6,2.5
Czechia,CZE,2017,3293.657,Czechia,78.9780487804878,3.0,2.6,1.6,3.2,0.1,5.4,2.5
Czechia,CZE,2018,3416.183,Czechia,79.0292682926829,3.0,2.5,1.6,3.1,0.1,4.7,2.5
Czechia,CZE,2019,3590.648,Czechia,79.2292682926829,3.0,2.4,1.6,3.0,0.1,5.0,2.5
Czechia,CZE,2020,4098.209,Czechia,78.1756097560976,3.0,2.3,1.5,2.9,0.1,3.9,2.5
Denmark,DNK,2001,4073.651,Denmark,76.7926829268293,8.0,4.6,3.3,5.5,0.1,11.0,2.5
Denmark,DNK,2002,4207.349,Denmark,76.8951219512195,8.0,4.5,3.2,5.4,0.1,8.6,2.5
Denmark,DNK,2003,4307.302,Denmark,77.1439024390244,8.0,4.4,3.1,5.2,0.1,8.3,2.5
Denmark,DNK,2004,4484.892,Denmark,77.4926829268293,7.0,4.2,3.1,5.0,0.1,7.6,2.5
Denmark,DNK,2005,4668.188,Denmark,77.8439024390244,7.0,4.1,3.1,4.8,0.1,8.4,2.5
Denmark,DNK,2006,4872.285,Denmark,78.0951219512195,7.0,3.9,3.0,4.6,0.1,7.2,2.5
Denmark,DNK,2007,4999.732,Denmark,78.1951219512195,7.0,3.8,2.9,4.5,0.1,7.5,2.5
Denmark,DNK,2008,5100.178,Denmark,78.4463414634146,7.0,3.6,2.8,4.3,0.1,6.9,2.5
Denmark,DNK,2009,5334.676,Denmark,78.5975609756098,7.0,3.6,2.8,4.2,0.1,6.1,2.5
Denmark,DNK,2010,5435.29,Denmark,79.1,7.0,3.5,2.8,4.1,0.1,6.9,2.5
Denmark,DNK,2011,5343.147,Denmark,79.8,7.0,3.5,2.9,4.1,0.1,7.4,2.5
Denmark,DNK,2012,5411.535,Denmark,80.0512195121951,6.0,3.5,3.1,4.1,0.1,7.0,2.5
Denmark,DNK,2013,5356.839,Denmark,80.3,5.0,3.5,3.1,4.1,0.1,6.8,2.5
Denmark,DNK,2014,5445.714,Denmark,80.7,5.0,3.5,3.1,4.1,0.1,6.0,2.5
Denmark,DNK,2015,5587.997,Denmark,80.7024390243902,6.0,3.5,3.0,4.1,0.1,6.5,2.5
Denmark,DNK,2016,5669.119,Denmark,80.8536585365854,5.0,3.5,2.9,4.0,0.1,5.9,2.5
Denmark,DNK,2017,5724.452,Denmark,81.1024390243903,5.0,3.4,2.8,4.0,0.1,5.0,2.5
Denmark,DNK,2018,5808.855,Denmark,80.9536585365854,5.0,3.4,2.7,3.9,0.1,5.4,2.5
Denmark,DNK,2019,5923.613,Denmark,81.4512195121951,5.0,3.3,2.5,3.8,0.1,5.1,2.5
Denmark,DNK,2020,6146.851,Denmark,81.6024390243903,5.0,3.2,2.3,3.7,0.1,4.1,2.5
Estonia,EST,2001,880.525,Estonia,70.2585365853659,22.0,8.0,4.8,10.1,0.2,59.0,3.6
Estonia,EST,2002,940.773,Estonia,70.9048780487805,20.0,7.3,4.4,9.3,0.3,52.0,3.5
Estonia,EST,2003,1131.869,Estonia,71.3170731707317,19.0,6.7,4.0,8.5,0.4,49.0,3.4
Estonia,EST,2004,1268.612,Estonia,71.909756097561,15.0,6.2,3.7,7.8,0.5,45.0,2.9
Estonia,EST,2005,1404.976,Estonia,72.5682926829268,13.0,5.6,3.3,7.1,0.5,41.0,2.5
Estonia,EST,2006,1497.821,Estonia,72.6914634146341,11.0,5.1,3.1,6.5,0.6,36.0,2.5
Estonia,EST,2007,1745.028,Estonia,72.8146341463415,11.0,4.7,2.8,6.0,0.6,39.0,2.5
Estonia,EST,2008,1871.135,Estonia,73.7707317073171,10.0,4.3,2.5,5.5,0.7,34.0,2.5
Estonia,EST,2009,1850.933,Estonia,74.8243902439024,9.0,3.9,2.3,5.0,0.7,31.0,2.5
Estonia,EST,2010,1810.235,Estonia,75.4292682926829,8.0,3.6,2.1,4.6,0.8,25.0,2.5
Estonia,EST,2011,1804.813,Estonia,76.2292682926829,8.0,3.3,1.9,4.2,0.8,25.0,2.5
Estonia,EST,2012,1875.419,Estonia,76.3268292682927,8.0,3.1,1.8,3.9,0.8,23.0,2.5
Estonia,EST,2013,1978.481,Estonia,77.1414634146341,7.0,2.8,1.6,3.6,0.8,23.0,2.5
Estonia,EST,2014,2097.762,Estonia,77.0341463414634,7.0,2.6,1.5,3.4,0.8,21.0,2.5
Estonia,EST,2015,2230.862,Estonia,77.590243902439,6.0,2.4,1.4,3.1,0.8,18.0,2.5
Estonia,EST,2016,2325.043,Estonia,77.6414634146342,6.0,2.3,1.3,2.9,0.8,16.0,2.5
Estonia,EST,2017,2392.241,Estonia,78.0926829268293,6.0,2.1,1.2,2.7,0.8,15.0,2.5
Estonia,EST,2018,2517.863,Estonia,78.2439024390244,5.0,1.9,1.1,2.5,0.8,13.0,2.5
Estonia,EST,2019,2645.134,Estonia,78.6463414634147,5.0,1.8,1.0,2.3,0.8,13.0,2.5
Estonia,EST,2020,2921.827,Estonia,78.5951219512195,5.0,1.7,0.9,2.1,0.7,10.0,2.5
France,FRA,2001,4363.613,France,79.1585365853659,9.0,3.9,2.7,5.3,0.2,12.0,2.5
France,FRA,2002,4546.811,France,79.2609756097561,9.0,3.7,2.7,5.1,0.3,11.0,2.5
France,FRA,2003,4578.138,France,79.1146341463415,9.0,3.6,2.6,4.9,0.3,12.0,2.5
France,FRA,2004,4692.006,France,80.1634146341463,9.0,3.4,2.5,4.8,0.3,10.0,2.5
France,FRA,2005,4758.546,France,80.1634146341463,9.0,3.3,2.4,4.6,0.3,9.8,2.5
France,FRA,2006,4926.712,France,80.8121951219512,10.0,3.3,2.4,4.5,0.3,9.7,2.5
France,FRA,2007,5015.674,France,81.1121951219512,8.0,3.2,2.4,4.4,0.3,11.0,2.5
France,FRA,2008,5077.483,France,81.2146341463415,10.0,3.2,2.4,4.4,0.3,10.0,2.5
France,FRA,2009,5329.271,France,81.4146341463415,10.0,3.1,2.3,4.3,0.3,9.4,2.5
France,FRA,2010,5376.961,France,81.6634146341463,9.0,3.1,2.3,4.2,0.3,9.2,2.5
France,FRA,2011,5422.436,France,82.1146341463415,9.0,3.1,2.3,4.2,0.3,9.0,2.5
France,FRA,2012,5483.953,France,81.9682926829268,9.0,3.1,2.3,4.1,0.3,8.9,2.5
France,FRA,2013,5575.336,France,82.219512195122,9.0,3.1,2.3,4.1,0.4,8.8,2.5
France,FRA,2014,5658.037,France,82.719512195122,9.0,3.1,2.4,4.1,0.4,8.5,2.5
France,FRA,2015,5711.991,France,82.3219512195122,8.0,3.2,2.4,4.2,0.4,8.4,2.5
France,FRA,2016,5803.294,France,82.5731707317073,8.0,3.3,2.5,4.2,0.4,8.7,2.5
France,FRA,2017,5829.314,France,82.5756097560976,8.0,3.3,2.5,4.2,0.4,9.0,2.5
France,FRA,2018,5805.925,France,82.6756097560976,8.0,3.3,2.6,4.3,0.4,8.8,2.5
France,FRA,2019,5852.904,France,82.8268292682927,8.0,3.3,2.5,4.2,0.4,9.0,2.5
France,FRA,2020,5873.888,France,82.1756097560976,8.0,3.3,2.5,4.2,0.4,8.1,2.5
Germany,DEU,2010,5782.639,Germany,79.9878048780488,6.0,3.5,2.3,4.2,0.1,5.5,2.5
Germany,DEU,2011,5794.192,Germany,80.4365853658537,6.0,3.4,2.3,4.1,0.1,5.5,2.5
Germany,DEU,2012,5846.723,Germany,80.5390243902439,5.0,3.4,2.3,4.0,0.1,5.5,2.5
Germany,DEU,2013,5941.813,Germany,80.490243902439,5.0,3.3,2.3,4.0,0.1,5.7,2.5
Germany,DEU,2014,6093.697,Germany,81.090243902439,5.0,3.3,2.3,4.0,0.1,5.9,2.5
Germany,DEU,2015,6296.315,Germany,80.6414634146341,5.0,3.3,2.3,3.9,0.1,7.6,2.5
Germany,DEU,2016,6452.692,Germany,80.990243902439,5.0,3.3,2.3,3.9,0.1,7.6,2.5
Germany,DEU,2017,6627.465,Germany,80.9926829268293,5.0,3.2,2.3,3.9,0.1,7.1,2.5
Germany,DEU,2018,6763.583,Germany,80.8926829268293,5.0,3.2,2.3,3.8,0.1,6.9,2.5
Germany,DEU,2019,6986.616,Germany,81.2926829268293,4.0,3.2,2.3,3.7,0.1,6.1,2.5
Germany,DEU,2020,7364.289,Germany,81.0414634146342,4.0,3.1,2.3,3.7,0.1,5.3,2.5
Greece,GRC,2001,2517.149,Greece,78.3878048780488,4.0,5.1,3.6,6.0,0.1,5.3,2.5
Greece,GRC,2002,2716.958,Greece,78.6414634146341,4.0,4.8,3.3,5.6,0.1,6.0,2.5
Greece,GRC,2003,2941.107,Greece,78.8414634146341,4.0,4.4,2.9,5.2,0.1,6.3,2.5
Greece,GRC,2004,2948.312,Greece,79.0390243902439,3.0,4.1,2.7,4.9,0.1,7.7,2.5
Greece,GRC,2005,3112.642,Greece,79.2390243902439,3.0,3.9,2.5,4.6,0.1,7.3,2.5
Greece,GRC,2006,3173.373,Greece,79.4390243902439,3.0,3.7,2.4,4.3,0.1,6.5,2.5
Greece,GRC,2007,3323.42,Greece,79.4390243902439,3.0,3.5,2.2,4.2,0.1,6.4,2.5
Greece,GRC,2008,3473.102,Greece,79.9390243902439,3.0,3.4,2.2,4.0,0.1,6.1,2.5
Greece,GRC,2009,3564.408,Greece,80.1878048780488,3.0,3.4,2.1,4.0,0.1,5.6,2.5
Greece,GRC,2010,3349.691,Greece,80.3878048780488,3.0,3.3,2.1,4.0,0.1,4.6,2.5
Greece,GRC,2011,2858.48,Greece,80.7317073170732,4.0,3.4,2.2,4.0,0.1,4.7,2.5
Greece,GRC,2012,2569.544,Greece,80.6341463414634,4.0,3.4,2.3,4.0,0.2,5.4,2.5
Greece,GRC,2013,2387.146,Greece,81.2853658536585,4.0,3.5,2.4,4.1,0.2,5.2,2.5
Greece,GRC,2014,2263.877,Greece,81.3853658536585,5.0,3.5,2.5,4.2,0.2,5.1,2.5
Greece,GRC,2015,2397.628,Greece,81.0365853658537,5.0,3.6,2.6,4.3,0.2,4.7,2.5
Greece,GRC,2016,2470.094,Greece,81.3878048780488,5.0,3.6,2.6,4.3,0.2,4.3,2.5
Greece,GRC,2017,2404.498,Greece,81.2878048780488,6.0,3.6,2.5,4.2,0.2,4.6,2.5
Greece,GRC,2018,2435.397,Greece,81.7878048780488,6.0,3.5,2.5,4.2,0.2,4.4,2.5
Greece,GRC,2019,2506.789,Greece,81.6390243902439,6.0,3.5,2.5,4.1,0.2,4.7,2.5
Greece,GRC,2020,2653.634,Greece,81.2878048780488,8.0,3.4,2.4,4.1,0.2,4.1,2.5
Iceland,ISL,2001,3904.948,Iceland,80.690243902439,4.0,3.0,2.0,3.8,0.1,4.8,2.5
Iceland,ISL,2002,4141.197,Iceland,80.5024390243903,4.0,2.8,1.9,3.6,0.1,3.2,2.5
Iceland,ISL,2003,4277.403,Iceland,80.9634146341464,5.0,2.7,1.8,3.4,0.1,2.0,2.5
Iceland,ISL,2004,4351.094,Iceland,80.9975609756098,4.0,2.6,1.7,3.3,0.1,4.3,2.5
Iceland,ISL,2005,4423.144,Iceland,81.5024390243902,4.0,2.5,1.6,3.1,0.1,3.9,2.5
Iceland,ISL,2006,4443.329,Iceland,81.1585365853659,4.0,2.4,1.5,3.0,0.1,4.9,2.5
Iceland,ISL,2007,4544.982,Iceland,81.4536585365854,4.0,2.3,1.5,2.9,0.1,4.4,2.5
Iceland,ISL,2008,4507.014,Iceland,81.609756097561,3.0,2.2,1.4,2.8,0.1,2.2,2.5
Iceland,ISL,2009,4225.351,Iceland,81.7512195121951,3.0,2.2,1.4,2.7,0.1,3.2,2.5
Iceland,ISL,2010,4021.851,Iceland,81.8975609756097,3.0,2.1,1.3,2.7,0.1,8.0,2.5
Iceland,ISL,2011,4013.008,Iceland,82.3585365853659,3.0,2.1,1.3,2.7,0.1,2.9,2.5
Iceland,ISL,2012,3939.78,Iceland,82.9170731707317,3.0,2.1,1.3,2.6,0.1,3.6,2.5
Iceland,ISL,2013,3999.195,Iceland,82.0609756097561,4.0,2.1,1.3,2.6,0.1,3.9,2.5
Iceland,ISL,2014,4070.754,Iceland,82.8609756097561,3.0,2.0,1.3,2.6,0.1,2.8,2.5
Iceland,ISL,2015,4268.791,Iceland,82.4682926829268,3.0,2.1,1.3,2.6,0.1,2.4,2.5
Iceland,ISL,2016,4469.744,Iceland,82.2048780487805,3.0,2.1,1.3,2.6,0.1,2.1,2.5
Iceland,ISL,2017,4660.75,Iceland,82.6609756097561,3.0,2.1,1.3,2.6,0.1,4.4,2.5
Iceland,ISL,2018,4789.57,Iceland,82.8609756097561,3.0,2.1,1.3,2.7,0.1,2.6,2.5
Iceland,ISL,2019,4886.572,Iceland,83.1634146341463,3.0,2.1,1.4,2.7,0.1,4.1,2.5
Iceland,ISL,2020,5010.061,Iceland,83.0634146341463,3.0,2.1,1.4,2.7,0.1,3.8,2.5
India,IND,2001,129.452,India,63.091,371.0,64.5,43.3,88.1,0.5,321.0,18.3
India,IND,2002,132.181,India,63.616,329.0,62.6,41.8,84.5,0.5,320.0,19.9
India,IND,2003,132.984,India,64.094,315.0,60.6,40.4,81.1,0.5,318.0,21.5
India,IND,2004,142.638,India,64.524,301.0,58.7,39.1,77.7,0.5,315.0,22.0
India,IND,2005,148.046,India,64.996,286.0,56.8,37.8,74.4,0.4,311.0,21.4
India,IND,2006,153.135,India,65.412,248.0,54.8,36.6,71.1,0.4,305.0,19.2
India,IND,2007,161.46,India,65.788,234.0,52.8,35.4,67.8,0.4,298.0,16.8
India,IND,2008,167.772,India,66.149,221.0,50.8,34.2,64.5,0.4,291.0,15.6
India,IND,2009,176.466,India,66.513,207.0,48.7,33.0,61.3,0.3,283.0,15.3
India,IND,2010,181.105,India,66.909,179.0,46.7,31.8,58.1,0.3,276.0,14.8
India,IND,2011,184.267,India,67.359,170.0,44.6,30.6,55.0,0.3,268.0,14.3
India,IND,2012,195.532,India,67.887,162.0,42.5,29.4,52.0,0.3,258.0,13.5
India,IND,2013,228.136,India,68.46,154.0,40.5,28.2,49.1,0.3,248.0,12.9
India,IND,2014,229.645,India,69.074,135.0,38.5,27.1,46.3,0.3,243.0,12.6
India,IND,2015,240.1,India,69.636,128.0,36.5,26.0,43.6,0.3,237.0,12.2
India,IND,2016,248.707,India,70.117,121.0,34.7,24.9,41.1,0.2,225.0,11.5
India,IND,2017,220.903,India,70.467,119.0,32.9,23.8,38.7,0.2,217.0,10.5
India,IND,2018,225.668,India,70.71,116.0,31.3,22.7,36.4,0.2,208.0,10.3
India,IND,2019,236.137,India,70.91,116.0,29.7,21.4,34.3,0.2,202.0,11.6
India,IND,2020,249.68,India,70.15,103.0,28.1,20.2,32.4,0.2,195.0,13.1
Indonesia,IDN,2001,134.609,Indonesia,66.758,284.0,39.3,22.1,49.7,0.1,369.0,18.2
Indonesia,IDN,2002,121.637,Indonesia,67.134,286.0,37.7,21.4,47.4,0.1,367.0,18.2
Indonesia,IDN,2003,139.872,Indonesia,67.413,269.0,36.2,20.8,45.3,0.1,366.0,18.0
Indonesia,IDN,2004,138.688,Indonesia,65.75,284.0,36.9,20.4,49.3,0.2,363.0,18.2
Indonesia,IDN,2005,176.632,Indonesia,67.649,276.0,33.5,19.8,41.5,0.2,360.0,18.4
Indonesia,IDN,2006,190.474,Indonesia,67.914,254.0,32.3,19.4,39.8,0.2,357.0,18.2
Indonesia,IDN,2007,210.764,Indonesia,68.189,251.0,31.0,19.0,38.1,0.2,353.0,17.6
Indonesia,IDN,2008,208.359,Indonesia,68.226,256.0,29.9,18.6,36.6,0.3,349.0,16.5
Indonesia,IDN,2009,221.468,Indonesia,68.494,241.0,28.9,17.9,35.1,0.3,345.0,15.1
Indonesia,IDN,2010,247.054,Indonesia,68.679,219.0,27.8,17.3,33.7,0.3,342.0,13.1
Indonesia,IDN,2011,278.207,Indonesia,68.823,236.0,26.8,16.6,32.3,0.3,338.0,11.3
Indonesia,IDN,2012,277.489,Indonesia,68.973,207.0,25.8,15.9,31.1,0.3,335.0,9.8
Indonesia,IDN,2013,282.171,Indonesia,69.264,194.0,24.9,15.3,29.8,0.4,332.0,8.5
Indonesia,IDN,2014,301.372,Indonesia,69.533,194.0,24.0,14.6,28.6,0.4,329.0,8.0
Indonesia,IDN,2015,306.059,Indonesia,69.699,194.0,23.1,14.0,27.5,0.4,325.0,7.3
Indonesia,IDN,2016,326.244,Indonesia,69.798,194.0,22.3,13.4,26.4,0.4,322.0,6.7
Indonesia,IDN,2017,329.058,Indonesia,69.936,194.0,21.5,12.9,25.4,0.4,319.0,6.0
Indonesia,IDN,2018,340.148,Indonesia,70.338,181.0,20.7,12.4,24.5,0.4,316.0,5.9
Indonesia,IDN,2019,350.425,Indonesia,70.518,158.0,20.0,12.0,23.6,0.4,312.0,6.2
Indonesia,IDN,2020,401.751,Indonesia,68.808,173.0,19.4,11.5,22.8,0.4,302.0,6.3
Ireland,IRL,2001,2773.758,Ireland,77.1341463414634,9.0,5.8,3.9,6.9,0.1,12.0,2.5
Ireland,IRL,2002,3006.698,Ireland,77.6341463414634,8.0,5.5,3.7,6.5,0.1,11.0,2.5
Ireland,IRL,2003,3190.186,Ireland,78.1390243902439,7.0,5.1,3.5,6.0,0.1,12.0,2.5
Ireland,IRL,2004,3376.136,Ireland,78.5390243902439,8.0,4.7,3.2,5.6,0.1,12.0,2.5
Ireland,IRL,2005,3737.771,Ireland,78.9439024390244,9.0,4.4,3.0,5.2,0.1,12.0,2.5
Ireland,IRL,2006,3775.404,Ireland,79.2414634146342,8.0,4.1,2.8,4.9,0.1,12.0,2.5
Ireland,IRL,2007,3936.465,Ireland,79.6414634146341,7.0,3.9,2.6,4.6,0.1,11.0,2.5
Ireland,IRL,2008,4195.942,Ireland,80.0951219512195,8.0,3.8,2.5,4.4,0.1,11.0,2.5
Ireland,IRL,2009,4570.972,Ireland,80.190243902439,7.0,3.6,2.5,4.3,0.1,11.0,2.5
Ireland,IRL,2010,4563.185,Ireland,80.7439024390244,7.0,3.5,2.5,4.2,0.2,9.8,2.5
Ireland,IRL,2011,4629.776,Ireland,80.7463414634146,7.0,3.5,2.5,4.1,0.2,9.7,2.5
Ireland,IRL,2012,4644.614,Ireland,80.8463414634146,7.0,3.4,2.5,4.0,0.2,8.5,2.5
Ireland,IRL,2013,4530.941,Ireland,80.9487804878049,6.0,3.3,2.5,3.9,0.2,8.9,2.5
Ireland,IRL,2014,4483.332,Ireland,81.3487804878049,6.0,3.3,2.5,3.8,0.2,7.3,2.5
Ireland,IRL,2015,4603.17,Ireland,81.4536585365854,6.0,3.2,2.4,3.7,0.2,7.2,2.5
Ireland,IRL,2016,4751.098,Ireland,81.6536585365854,5.0,3.1,2.3,3.6,0.2,7.1,2.5
Ireland,IRL,2017,4876.838,Ireland,82.1560975609756,6.0,3.0,2.3,3.5,0.2,7.2,2.5
Ireland,IRL,2018,5013.019,Ireland,82.2048780487805,5.0,2.9,2.2,3.4,0.2,6.9,2.5
Ireland,IRL,2019,5159.499,Ireland,82.7024390243903,6.0,2.9,2.2,3.3,0.2,5.8,2.5
Ireland,IRL,2020,5618.802,Ireland,82.5560975609756,5.0,2.8,2.1,3.3,0.2,5.3,2.5
Italy,ITA,2001,3623.093,Italy,80.1268292682927,10.0,4.5,3.2,5.3,0.2,8.6,2.5
Italy,ITA,2002,3699.086,Italy,80.2292682926829,9.0,4.3,3.1,5.0,0.2,7.9,2.5
Italy,ITA,2003,3670.812,Italy,79.9829268292683,9.0,4.1,2.9,4.8,0.2,8.7,2.5
Italy,ITA,2004,3854.506,Italy,80.7804878048781,8.0,3.9,2.8,4.6,0.2,7.8,2.5
Italy,ITA,2005,3923.952,Italy,80.7829268292683,8.0,3.8,2.7,4.5,0.2,7.6,2.5
Italy,ITA,2006,3992.867,Italy,81.2829268292683,7.0,3.7,2.6,4.3,0.2,8.1,2.5
Italy,ITA,2007,3897.346,Italy,81.4341463414634,7.0,3.6,2.5,4.2,0.3,5.4,2.5
Italy,ITA,2008,3985.801,Italy,81.4853658536585,7.0,3.5,2.5,4.1,0.3,8.0,2.5
Italy,ITA,2009,4008.764,Italy,81.6365853658537,7.0,3.4,2.4,4.1,0.3,7.8,2.5
Italy,ITA,2010,3999.115,Italy,82.0365853658537,7.0,3.4,2.4,4.0,0.3,8.7,2.5
Italy,ITA,2011,3914.124,Italy,82.1878048780488,7.0,3.3,2.4,3.9,0.3,6.5,2.5
Italy,ITA,2012,3788.466,Italy,82.2390243902439,7.0,3.2,2.3,3.8,0.3,5.9,2.5
Italy,ITA,2013,3713.707,Italy,82.690243902439,7.0,3.1,2.2,3.7,0.3,5.7,2.5
Italy,ITA,2014,3771.171,Italy,83.090243902439,6.0,3.1,2.2,3.6,0.3,6.3,2.5
Italy,ITA,2015,3836.314,Italy,82.5439024390244,7.0,3.0,2.1,3.5,0.3,6.6,2.5
Italy,ITA,2016,3862.937,Italy,83.2439024390244,6.0,2.9,2.1,3.4,0.3,7.2,2.5
Italy,ITA,2017,3897.651,Italy,82.9463414634147,6.0,2.8,2.0,3.3,0.3,7.3,2.5
Italy,ITA,2018,3901.229,Italy,83.3463414634146,5.0,2.7,1.9,3.2,0.2,7.2,2.5
Italy,ITA,2019,3931.603,Italy,83.4975609756098,5.0,2.6,1.8,3.0,0.2,6.1,2.5
Italy,ITA,2020,4027.251,Italy,82.1951219512195,5.0,2.5,1.7,2.9,0.2,4.2,2.5
Latvia,LVA,2001,814.345,Latvia,70.7609756097561,32.0,10.8,6.6,13.3,0.3,98.0,4.7
Latvia,LVA,2002,895.568,Latvia,70.9609756097561,28.0,10.3,6.1,12.6,0.3,90.0,3.5
Latvia,LVA,2003,935.814,Latvia,71.2658536585366,34.0,9.7,5.8,11.9,0.3,85.0,2.8
Latvia,LVA,2004,1160.963,Latvia,72.0268292682927,31.0,9.1,5.5,11.2,0.3,80.0,2.5
Latvia,LVA,2005,1250.665,Latvia,71.3560975609756,28.0,8.6,5.4,10.5,0.3,72.0,2.5
Latvia,LVA,2006,1447.993,Latvia,70.8658536585366,26.0,8.1,5.2,9.9,0.4,67.0,2.5
Latvia,LVA,2007,1656.789,Latvia,71.019512195122,25.0,7.7,5.0,9.3,0.4,64.0,2.5
Latvia,LVA,2008,1588.126,Latvia,72.419512195122,22.0,7.3,4.8,8.8,0.4,55.0,2.5
Latvia,LVA,2009,1360.854,Latvia,73.0804878048781,23.0,6.9,4.5,8.3,0.4,51.0,2.5
Latvia,LVA,2010,1360.401,Latvia,73.4829268292683,25.0,6.5,4.2,7.8,0.4,50.0,2.5
Latvia,LVA,2011,1362.259,Latvia,73.5756097560976,24.0,6.0,3.8,7.2,0.4,48.0,2.5
Latvia,LVA,2012,1417.399,Latvia,73.7780487804878,23.0,5.5,3.5,6.6,0.5,54.0,2.5
Latvia,LVA,2013,1474.067,Latvia,73.9829268292683,21.0,5.1,3.2,6.0,0.5,50.0,2.5
Latvia,LVA,2014,1548.816,Latvia,74.1243902439024,22.0,4.7,2.9,5.5,0.5,43.0,2.5
Latvia,LVA,2015,1671.638,Latvia,74.4804878048781,22.0,4.3,2.7,5.1,0.5,41.0,2.5
Latvia,LVA,2016,1876.94,Latvia,74.580487804878,21.0,4.0,2.6,4.7,0.6,38.0,2.5
Latvia,LVA,2017,1901.066,Latvia,74.6292682926829,22.0,3.8,2.4,4.4,0.6,32.0,2.5
Latvia,LVA,2018,2080.432,Latvia,74.7829268292683,23.0,3.6,2.3,4.2,0.6,28.0,2.5
Latvia,LVA,2019,2242.39,Latvia,75.3878048780488,22.0,3.4,2.1,4.0,0.7,24.0,2.5
Latvia,LVA,2020,2403.416,Latvia,75.1853658536585,18.0,3.2,2.0,3.7,0.7,20.0,2.5
Lithuania,LTU,2001,992.48,Lithuania,71.6585365853659,18.0,8.2,4.4,10.3,0.1,86.0,2.5
Lithuania,LTU,2002,1092.508,Lithuania,71.7609756097561,14.0,7.9,4.3,9.9,0.1,81.0,2.5
Lithuania,LTU,2003,1231.168,Lithuania,72.0609756097561,13.0,7.6,4.3,9.5,0.1,88.0,2.5
Lithuania,LTU,2004,1211.196,Lithuania,71.9609756097561,12.0,7.5,4.3,9.3,0.1,69.0,2.5
Lithuania,LTU,2005,1403.36,Lithuania,71.2536585365854,11.0,7.3,4.2,9.1,0.1,73.0,2.5
Lithuania,LTU,2006,1601.115,Lithuania,71.0560975609756,13.0,6.9,4.0,8.6,0.1,83.0,2.5
Lithuania,LTU,2007,1808.153,Lithuania,70.9,12.0,6.4,3.7,8.0,0.1,80.0,2.5
Lithuania,LTU,2008,2001.077,Lithuania,71.8121951219512,11.0,5.9,3.3,7.3,0.1,75.0,2.5
Lithuania,LTU,2009,1875.475,Lithuania,72.9146341463415,10.0,5.4,3.1,6.7,0.1,69.0,2.5
Lithuania,LTU,2010,1827.761,Lithuania,73.2682926829268,10.0,4.9,2.9,6.1,0.1,65.0,2.5
Lithuania,LTU,2011,1902.265,Lithuania,73.5634146341464,9.0,4.5,2.7,5.6,0.1,66.0,2.5
Lithuania,LTU,2012,1938.097,Lithuania,73.8634146341464,8.0,4.2,2.5,5.2,0.1,63.0,2.5
Lithuania,LTU,2013,1986.063,Lithuania,73.9146341463415,8.0,4.0,2.4,5.0,0.1,61.0,2.5
Lithuania,LTU,2014,2105.775,Lithuania,74.5170731707317,9.0,4.0,2.4,5.0,0.2,58.0,2.5
Lithuania,LTU,2015,2270.347,Lithuania,74.3219512195122,8.0,4.0,2.3,4.9,0.2,55.0,2.5
Lithuania,LTU,2016,2410.389,Lithuania,74.6707317073171,8.0,3.8,2.2,4.7,0.2,54.0,2.5
Lithuania,LTU,2017,2480.149,Lithuania,75.4804878048781,8.0,3.5,2.2,4.3,0.2,52.0,2.5
Lithuania,LTU,2018,2629.323,Lithuania,75.6804878048781,8.0,3.2,2.1,4.0,0.2,44.0,2.5
Lithuania,LTU,2019,2931.672,Lithuania,76.2829268292683,7.0,3.0,2.0,3.7,0.2,41.0,2.5
Lithuania,LTU,2020,3092.326,Lithuania,74.9780487804878,9.0,2.9,2.0,3.6,0.2,28.0,2.5
Luxembourg,LUX,2001,5308.944,Luxembourg,77.8243902439025,11.0,3.5,2.1,4.2,0.1,8.1,2.5
Luxembourg,LUX,2002,5709.548,Luxembourg,77.9658536585366,11.0,3.3,2.0,4.0,0.2,8.0,2.5
Luxembourg,LUX,2003,5896.315,Luxembourg,77.7268292682927,12.0,3.1,1.9,3.7,0.2,14.0,2.5
Luxembourg,LUX,2004,6355.326,Luxembourg,79.1219512195122,10.0,2.9,1.8,3.5,0.2,7.8,2.5
Luxembourg,LUX,2005,6380.464,Luxembourg,79.4317073170732,11.0,2.8,1.7,3.3,0.2,9.1,2.5
Luxembourg,LUX,2006,6458.858,Luxembourg,79.2878048780488,11.0,2.7,1.6,3.2,0.2,8.0,2.5
Luxembourg,LUX,2007,6350.745,Luxembourg,79.3829268292683,9.0,2.5,1.6,3.1,0.2,9.3,2.5
Luxembourg,LUX,2008,6507.255,Luxembourg,80.5390243902439,10.0,2.5,1.5,2.9,0.2,6.6,2.5
Luxembourg,LUX,2009,7058.351,Luxembourg,80.6365853658537,8.0,2.4,1.5,2.9,0.2,6.2,2.5
Luxembourg,LUX,2010,7065.356,Luxembourg,80.6317073170732,8.0,2.3,1.5,2.8,0.2,6.6,2.5
Luxembourg,LUX,2011,5838.197,Luxembourg,80.9878048780488,7.0,2.3,1.5,2.8,0.2,5.5,2.5
Luxembourg,LUX,2012,5195.241,Luxembourg,81.3926829268293,8.0,2.3,1.5,2.7,0.2,9.7,2.5
Luxembourg,LUX,2013,5211.295,Luxembourg,81.8,8.0,2.2,1.5,2.7,0.2,8.0,2.5
Luxembourg,LUX,2014,5307.929,Luxembourg,82.2292682926829,6.0,2.2,1.6,2.7,0.2,5.0,2.5
Luxembourg,LUX,2015,5204.959,Luxembourg,82.2926829268293,7.0,2.2,1.6,2.7,0.2,6.1,2.5
Luxembourg,LUX,2016,5234.708,Luxembourg,82.6853658536585,6.0,2.2,1.6,2.7,0.2,5.7,2.5
Luxembourg,LUX,2017,5226.134,Luxembourg,82.0951219512195,7.0,2.2,1.6,2.7,0.2,6.2,2.5
Luxembourg,LUX,2018,5361.343,Luxembourg,82.2951219512195,7.0,2.3,1.7,2.7,0.2,7.9,2.5
Luxembourg,LUX,2019,5542.815,Luxembourg,82.6390243902439,6.0,2.3,1.7,2.7,0.2,8.9,2.5
Luxembourg,LUX,2020,5858.675,Luxembourg,82.1439024390244,6.0,2.3,1.7,2.7,0.2,5.8,2.5
Malta,MLT,2016,3732.361,Malta,82.4536585365854,3.0,5.7,4.3,6.5,0.2,13.0,2.5
Malta,MLT,2017,3950.491,Malta,82.3463414634146,4.0,5.6,4.2,6.4,0.2,10.0,2.5
Malta,MLT,2018,4015.391,Malta,82.4487804878049,4.0,5.4,4.2,6.2,0.2,13.0,2.5
Malta,MLT,2019,4421.963,Malta,82.8585365853659,4.0,5.3,4.1,6.1,0.2,22.0,2.5
Malta,MLT,2020,4652.635,Malta,82.3487804878049,3.0,5.2,4.0,6.0,0.2,31.0,2.5
Mexico,MEX,2001,915.925,Mexico,73.867,57.0,22.6,13.2,26.9,0.2,24.0,3.0
Mexico,MEX,2002,958.966,Mexico,74.106,57.0,21.7,12.2,25.8,0.2,22.0,3.4
Mexico,MEX,2003,1085.062,Mexico,74.274,52.0,20.9,11.3,24.7,0.3,23.0,4.0
Mexico,MEX,2004,1137.256,Mexico,74.372,53.0,20.1,10.4,23.7,0.3,18.0,4.3
Mexico,MEX,2005,1106.137,Mexico,74.376,53.0,19.4,9.7,22.8,0.3,22.0,4.1
Mexico,MEX,2006,1133.293,Mexico,74.331,54.0,18.7,9.3,22.0,0.3,21.0,3.8
Mexico,MEX,2007,1150.493,Mexico,74.238,56.0,18.1,9.2,21.2,0.3,21.0,3.8
Mexico,MEX,2008,1114.819,Mexico,74.152,57.0,17.5,9.1,20.5,0.3,21.0,4.1
Mexico,MEX,2009,1113.22,Mexico,74.119,51.0,16.9,9.1,19.8,0.3,21.0,4.2
Mexico,MEX,2010,1054.883,Mexico,74.19,51.0,16.4,9.0,19.2,0.3,22.0,4.1
Mexico,MEX,2011,1057.781,Mexico,74.365,50.0,15.9,8.8,18.5,0.3,21.0,3.9
Mexico,MEX,2012,1099.619,Mexico,74.574,49.0,15.4,8.6,17.9,0.3,22.0,3.8
Mexico,MEX,2013,1116.091,Mexico,74.739,49.0,14.9,8.4,17.3,0.4,22.0,3.8
Mexico,MEX,2014,1078.084,Mexico,74.797,50.0,14.4,8.3,16.8,0.4,22.0,3.8
Mexico,MEX,2015,1151.554,Mexico,74.682,52.0,14.0,8.3,16.2,0.4,22.0,3.7
Mexico,MEX,2016,1138.12,Mexico,74.412,49.0,13.5,8.4,15.7,0.4,22.0,3.7
Mexico,MEX,2017,1143.4,Mexico,74.138,52.0,13.1,8.5,15.2,0.4,23.0,3.8
Mexico,MEX,2018,1146.928,Mexico,74.015,56.0,12.7,8.7,14.7,0.4,23.0,3.6
Mexico,MEX,2019,1162.739,Mexico,74.202,58.0,12.2,8.6,14.2,0.4,23.0,3.5
Mexico,MEX,2020,1203.081,Mexico,70.133,59.0,11.8,8.4,13.7,0.4,23.0,3.2
Netherlands,NLD,2001,4339.306,Netherlands,78.190243902439,13.0,5.0,3.8,6.1,0.1,10.0,2.5
Netherlands,NLD,2002,4623.161,Netherlands,78.2926829268293,13.0,4.9,3.7,5.9,0.1,9.6,2.5
Netherlands,NLD,2003,4799.943,Netherlands,78.4926829268293,12.0,4.8,3.6,5.7,0.1,9.2,2.5
Netherlands,NLD,2004,4895.442,Netherlands,79.0951219512195,11.0,4.6,3.5,5.5,0.1,9.2,2.5
Netherlands,NLD,2005,4984.825,Netherlands,79.3463414634146,10.0,4.4,3.4,5.3,0.2,7.9,2.5
Netherlands,NLD,2006,5129.798,Netherlands,79.6975609756098,9.0,4.3,3.3,5.1,0.2,7.0,2.5
Netherlands,NLD,2007,5275.058,Netherlands,80.0975609756098,8.0,4.1,3.1,4.9,0.2,6.5,2.5
Netherlands,NLD,2008,5500.148,Netherlands,80.2512195121951,8.0,4.0,3.0,4.7,0.2,6.7,2.5
Netherlands,NLD,2009,5698.142,Netherlands,80.5487804878049,7.0,3.8,2.9,4.6,0.2,7.8,2.5
Netherlands,NLD,2010,5790.66,Netherlands,80.7024390243902,6.0,3.7,2.8,4.4,0.2,7.0,2.5
Netherlands,NLD,2011,5802.801,Netherlands,81.2048780487805,6.0,3.6,2.7,4.3,0.2,6.6,2.5
Netherlands,NLD,2012,5897.963,Netherlands,81.1048780487805,6.0,3.6,2.7,4.2,0.2,6.3,2.5
Netherlands,NLD,2013,5873.499,Netherlands,81.3048780487805,6.0,3.5,2.7,4.2,0.2,5.6,2.5
Netherlands,NLD,2014,5893.053,Netherlands,81.7073170731707,5.0,3.5,2.7,4.1,0.2,5.5,2.5
Netherlands,NLD,2015,5882.051,Netherlands,81.509756097561,5.0,3.5,2.6,4.1,0.2,5.7,2.5
Netherlands,NLD,2016,5951.334,Netherlands,81.5609756097561,5.0,3.5,2.6,4.1,0.2,5.9,2.5
Netherlands,NLD,2017,5940.743,Netherlands,81.7609756097561,5.0,3.5,2.6,4.0,0.2,5.2,2.5
Netherlands,NLD,2018,6002.318,Netherlands,81.8121951219512,4.0,3.5,2.6,4.0,0.2,5.2,2.5
Netherlands,NLD,2019,6176.613,Netherlands,82.1121951219512,4.0,3.4,2.6,4.0,0.2,4.9,2.5
Netherlands,NLD,2020,6515.942,Netherlands,81.3585365853659,4.0,3.4,2.6,4.0,0.2,4.0,2.5
New Zealand,NZL,2001,2595.809,New Zealand,78.6926829268293,11.0,5.9,3.5,7.2,0.1,11.0,2.5
New Zealand,NZL,2002,2739.934,New Zealand,78.8463414634146,10.0,5.8,3.5,7.0,0.1,9.6,2.5
New Zealand,NZL,2003,2781.849,New Zealand,79.1463414634146,10.0,5.7,3.4,6.9,0.1,12.0,2.5
New Zealand,NZL,2004,2936.016,New Zealand,79.5487804878049,12.0,5.6,3.3,6.7,0.1,10.0,2.5
New Zealand,NZL,2005,3128.728,New Zealand,79.8512195121951,10.0,5.5,3.1,6.6,0.1,9.2,2.5
New Zealand,NZL,2006,3303.579,New Zealand,80.0487804878049,11.0,5.4,3.0,6.5,0.1,9.5,2.5
New Zealand,NZL,2007,3349.241,New Zealand,80.1512195121951,10.0,5.3,2.9,6.5,0.1,7.5,2.5
New Zealand,NZL,2008,3543.022,New Zealand,80.3512195121951,10.0,5.3,2.9,6.4,0.1,7.9,2.5
New Zealand,NZL,2009,3713.016,New Zealand,80.7024390243902,10.0,5.2,3.1,6.3,0.1,8.0,2.5
New Zealand,NZL,2010,3758.762,New Zealand,80.9048780487805,10.0,5.2,3.2,6.2,0.1,8.0,2.5
New Zealand,NZL,2011,3788.094,New Zealand,81.1560975609756,10.0,5.1,3.3,6.1,0.1,8.0,2.5
New Zealand,NZL,2012,3868.788,New Zealand,81.4073170731707,10.0,5.0,3.3,6.0,0.1,7.6,2.5
New Zealand,NZL,2013,3945.462,New Zealand,81.4048780487805,8.0,4.8,3.3,5.8,0.1,7.0,2.5
New Zealand,NZL,2014,4025.298,New Zealand,81.4568292682927,8.0,4.7,3.2,5.7,0.1,7.6,2.5
New Zealand,NZL,2015,4058.602,New Zealand,81.6124390243903,9.0,4.6,3.1,5.5,0.1,7.3,2.5
New Zealand,NZL,2016,4147.9,New Zealand,81.6585365853659,8.0,4.4,3.0,5.3,0.1,7.2,2.5
New Zealand,NZL,2017,4161.869,New Zealand,81.8585365853659,7.0,4.3,2.8,5.2,0.1,7.2,2.5
New Zealand,NZL,2018,4255.847,New Zealand,81.7073170731707,8.0,4.2,2.7,5.1,0.1,7.1,2.5
New Zealand,NZL,2019,4345.783,New Zealand,82.0560975609756,7.0,4.1,2.7,4.9,0.1,7.2,2.5
New Zealand,NZL,2020,4571.091,New Zealand,82.2560975609756,7.0,4.0,2.6,4.8,0.1,7.2,2.5
Peru,PER,2007,411.795,Peru,73.223,87.0,18.2,11.0,23.4,0.4,143.0,12.8
Peru,PER,2008,446.375,Peru,73.377,84.0,17.2,10.5,22.2,0.4,141.0,10.8
Peru,PER,2009,492.71,Peru,73.466,80.0,16.4,10.1,21.1,0.4,138.0,9.3
Peru,PER,2010,528.283,Peru,73.711,76.0,15.6,9.7,20.1,0.4,134.0,8.5
Peru,PER,2011,545.524,Peru,74.133,73.0,15.0,9.3,19.3,0.3,133.0,7.8
Peru,PER,2012,597.73,Peru,74.544,72.0,14.4,9.0,18.5,0.3,126.0,6.8
Peru,PER,2013,617.79,Peru,74.967,71.0,13.9,8.7,17.9,0.3,125.0,5.7
Peru,PER,2014,648.09,Peru,75.333,65.0,13.5,8.6,17.4,0.3,125.0,5.4
Peru,PER,2015,651.595,Peru,75.621,65.0,13.2,8.4,17.0,0.3,122.0,5.8
Peru,PER,2016,669.629,Peru,75.789,62.0,13.0,8.4,16.7,0.3,120.0,6.4
Peru,PER,2017,677.856,Peru,75.879,61.0,12.8,8.4,16.5,0.4,119.0,6.6
Peru,PER,2018,729.062,Peru,76.009,63.0,12.6,8.4,16.2,0.4,119.0,6.2
Peru,PER,2019,735.181,Peru,76.156,72.0,12.4,8.3,16.0,0.4,119.0,6.5
Peru,PER,2020,817.119,Peru,73.665,69.0,12.2,8.2,15.7,0.4,117.0,6.7
Poland,POL,2001,1080.38,Poland,74.2,7.0,7.6,5.4,8.8,0.1,31.0,2.5
Poland,POL,2002,1169.97,Poland,74.4975609756098,6.0,7.3,5.2,8.4,0.1,30.0,2.5
Poland,POL,2003,1188.796,Poland,74.5975609756098,6.0,7.0,5.0,8.1,0.1,30.0,2.5
Poland,POL,2004,1236.763,Poland,74.8463414634146,5.0,6.8,4.8,7.8,0.1,26.0,2.5
Poland,POL,2005,1270.774,Poland,74.9951219512195,5.0,6.5,4.6,7.6,0.1,25.0,2.5
Poland,POL,2006,1347.596,Poland,75.1439024390244,4.0,6.3,4.4,7.3,0.1,24.0,2.5
Poland,POL,2007,1474.249,Poland,75.2439024390244,4.0,6.0,4.2,7.0,0.1,24.0,2.5
Poland,POL,2008,1658.258,Poland,75.5439024390244,3.0,5.8,4.0,6.7,0.1,22.0,2.5
Poland,POL,2009,1774.053,Poland,75.6951219512195,3.0,5.5,3.8,6.3,0.1,23.0,2.5
Poland,POL,2010,1779.268,Poland,76.2463414634146,3.0,5.1,3.6,6.0,0.1,21.0,2.5
Poland,POL,2011,1791.015,Poland,76.6951219512195,3.0,4.9,3.4,5.7,0.1,24.0,2.5
Poland,POL,2012,1796.318,Poland,76.7463414634146,2.0,4.7,3.2,5.4,0.1,21.0,2.5
Poland,POL,2013,1872.492,Poland,77.0,2.0,4.5,3.1,5.2,0.1,21.0,2.5
Poland,POL,2014,1910.81,Poland,77.6024390243903,2.0,4.3,3.0,5.0,0.1,20.0,2.5
Poland,POL,2015,2051.793,Poland,77.4512195121951,2.0,4.2,2.9,4.9,0.1,19.0,2.5
Poland,POL,2016,2182.693,Poland,77.8512195121951,2.0,4.1,2.8,4.8,0.1,18.0,2.5
Poland,POL,2017,2294.366,Poland,77.7536585365854,2.0,4.0,2.8,4.6,0.1,17.0,2.5
Poland,POL,2018,2319.602,Poland,77.6024390243903,2.0,3.9,2.7,4.5,0.1,16.0,2.5
Poland,POL,2019,2497.099,Poland,77.9048780487805,2.0,3.8,2.7,4.4,0.1,15.0,2.5
Poland,POL,2020,2510.275,Poland,76.5,2.0,3.8,2.7,4.4,0.1,9.5,2.5
Portugal,PRT,2001,2729.399,Portugal,76.8146341463415,9.0,5.1,3.2,6.6,0.5,48.0,2.5
Portugal,PRT,2002,2796.026,Portugal,77.0658536585366,9.0,4.7,3.0,6.0,0.6,48.0,2.5
Portugal,PRT,2003,2864.481,Portugal,77.219512195122,9.0,4.3,2.8,5.5,0.6,44.0,2.5
Portugal,PRT,2004,3031.851,Portugal,77.6707317073171,9.0,3.9,2.6,5.0,0.6,40.0,2.5
Portugal,PRT,2005,3080.373,Portugal,78.0707317073171,9.0,3.7,2.4,4.7,0.6,36.0,2.5
Portugal,PRT,2006,3027.328,Portugal,78.419512195122,9.0,3.4,2.2,4.4,0.6,35.0,2.5
Portugal,PRT,2007,3068.83,Portugal,78.3219512195122,9.0,3.3,2.1,4.2,0.6,32.0,2.5
Portugal,PRT,2008,3157.574,Portugal,78.5243902439025,9.0,3.2,2.1,4.0,0.6,31.0,2.5
Portugal,PRT,2009,3310.82,Portugal,78.7268292682927,10.0,3.1,2.1,3.9,0.6,30.0,2.5
Portugal,PRT,2010,3305.056,Portugal,79.0268292682927,10.0,3.1,2.1,3.8,0.6,28.0,2.5
Portugal,PRT,2011,3114.437,Portugal,80.4707317073171,9.0,3.0,2.1,3.7,0.6,27.0,2.5
Portugal,PRT,2012,2949.018,Portugal,80.3731707317073,10.0,3.0,2.1,3.7,0.6,27.0,2.5
Portugal,PRT,2013,2891.355,Portugal,80.7219512195122,9.0,3.0,2.1,3.7,0.6,26.0,2.5
Portugal,PRT,2014,2916.172,Portugal,81.1219512195122,9.0,3.0,2.1,3.7,0.6,24.0,2.5
Portugal,PRT,2015,3013.065,Portugal,81.1243902439025,10.0,3.0,2.1,3.6,0.6,23.0,2.5
Portugal,PRT,2016,3122.428,Portugal,81.1243902439025,11.0,3.0,2.1,3.6,0.6,20.0,2.5
Portugal,PRT,2017,3198.237,Portugal,81.4243902439025,11.0,2.9,2.0,3.6,0.6,20.0,2.5
Portugal,PRT,2018,3331.54,Portugal,81.3243902439024,11.0,2.9,1.9,3.5,0.6,21.0,2.5
Portugal,PRT,2019,3476.354,Portugal,81.6756097560976,11.0,2.8,1.9,3.5,0.6,19.0,2.5
Portugal,PRT,2020,3554.732,Portugal,80.9756097560976,12.0,2.7,1.8,3.4,0.5,16.0,2.5
Romania,ROU,2003,737.814,Romania,71.309756097561,48.0,17.0,9.4,20.0,0.1,158.0,2.5
Romania,ROU,2004,850.375,Romania,71.5609756097561,46.0,16.4,9.0,19.3,0.1,154.0,2.5
Romania,ROU,2005,938.28,Romania,71.9121951219512,37.0,15.5,8.4,18.1,0.1,142.0,2.5
Romania,ROU,2006,978.88,Romania,72.1634146341463,31.0,14.2,7.7,16.7,0.1,133.0,2.5
Romania,ROU,2007,1132.134,Romania,72.5658536585366,26.0,13.0,6.9,15.2,0.1,124.0,2.5
Romania,ROU,2008,1298.7,Romania,72.5658536585366,23.0,11.9,6.2,13.9,0.1,121.0,2.5
Romania,ROU,2009,1300.981,Romania,73.309756097561,21.0,11.1,5.7,13.0,0.1,115.0,2.5
Romania,ROU,2010,1321.43,Romania,73.4585365853659,22.0,10.5,5.4,12.4,0.1,105.0,2.5
Romania,ROU,2011,1105.984,Romania,74.409756097561,19.0,10.0,5.2,11.8,0.1,97.0,2.5
Romania,ROU,2012,1137.001,Romania,74.4121951219512,18.0,9.5,5.1,11.2,0.1,92.0,2.5
Romania,ROU,2013,1316.667,Romania,75.0634146341463,17.0,8.9,4.9,10.6,0.1,89.0,2.5
Romania,ROU,2014,1328.804,Romania,74.909756097561,15.0,8.3,4.6,9.9,0.1,86.0,2.5
Romania,ROU,2015,1378.537,Romania,74.9121951219512,15.0,7.7,4.3,9.2,0.1,82.0,2.5
Romania,ROU,2016,1462.633,Romania,75.209756097561,16.0,7.1,3.9,8.5,0.1,74.0,2.5
Romania,ROU,2017,1656.273,Romania,75.209756097561,13.0,6.5,3.6,7.9,0.1,72.0,2.5
Romania,ROU,2018,1901.937,Romania,75.3585365853659,11.0,6.0,3.3,7.3,0.1,68.0,2.5
Romania,ROU,2019,2071.542,Romania,75.6073170731707,10.0,5.6,3.2,6.8,0.1,65.0,2.5
Romania,ROU,2020,2218.328,Romania,74.2536585365854,10.0,5.4,3.1,6.5,0.1,43.0,2.5
Slovakia,SVK,2001,1116.222,Slovak Republic,73.4024390243903,9.0,7.8,4.8,9.3,0.1,21.0,6.2
Slovakia,SVK,2002,1215.681,Slovak Republic,73.6048780487805,9.0,7.6,4.5,9.1,0.1,21.0,6.3
Slovakia,SVK,2003,1252.346,Slovak Republic,73.6048780487805,8.0,7.4,4.3,8.8,0.1,21.0,6.1
Slovakia,SVK,2004,1541.205,Slovak Republic,73.9585365853659,8.0,7.2,4.1,8.6,0.1,14.0,5.9
Slovakia,SVK,2005,1663.004,Slovak Republic,73.9048780487805,7.0,6.9,3.9,8.3,0.1,15.0,5.6
Slovakia,SVK,2006,1835.427,Slovak Republic,74.2048780487805,7.0,6.7,3.7,8.0,0.1,14.0,5.7
Slovakia,SVK,2007,2104.513,Slovak Republic,74.2073170731707,7.0,6.4,3.5,7.7,0.1,13.0,5.5
Slovakia,SVK,2008,2117.335,Slovak Republic,74.7048780487805,6.0,6.1,3.4,7.4,0.1,12.0,5.1
Slovakia,SVK,2009,2246.515,Slovak Republic,74.909756097561,5.0,5.9,3.3,7.1,0.1,9.7,4.9
Slovakia,SVK,2010,2298.101,Slovak Republic,75.1121951219512,5.0,5.7,3.3,6.9,0.1,8.7,5.2
Slovakia,SVK,2011,2199.531,Slovak Republic,75.9585365853659,5.0,5.6,3.3,6.7,0.1,8.1,6.1
Slovakia,SVK,2012,2250.106,Slovak Republic,76.109756097561,5.0,5.4,3.2,6.6,0.1,6.8,5.8
Slovakia,SVK,2013,2232.09,Slovak Republic,76.4121951219512,5.0,5.3,3.2,6.4,0.1,8.5,5.6
Slovakia,SVK,2014,2098.889,Slovak Republic,76.8121951219512,5.0,5.3,3.1,6.3,0.1,6.8,5.7
Slovakia,SVK,2015,2161.854,Slovak Republic,76.5634146341463,5.0,5.2,3.0,6.2,0.1,6.5,5.7
Slovakia,SVK,2016,2261.442,Slovak Republic,77.1658536585366,5.0,5.1,3.0,6.1,0.1,6.0,5.3
Slovakia,SVK,2017,2248.709,Slovak Republic,77.1658536585366,5.0,5.0,3.0,6.0,0.1,4.8,4.1
Slovakia,SVK,2018,2306.896,Slovak Republic,77.2658536585366,5.0,5.0,3.0,6.0,0.1,5.8,3.3
Slovakia,SVK,2019,2458.131,Slovak Republic,77.6658536585366,5.0,4.9,3.0,5.9,0.1,4.5,2.8
Slovakia,SVK,2020,2448.986,Slovak Republic,76.8658536585366,5.0,4.9,3.0,5.9,0.1,3.2,2.8
Slovenia,SVN,2001,2285.835,Slovenia,75.7585365853659,9.0,4.3,3.1,5.2,0.1,21.0,2.5
Slovenia,SVN,2002,2410.677,Slovenia,76.0073170731707,8.0,4.1,2.9,4.9,0.1,20.0,2.5
Slovenia,SVN,2003,2506.477,Slovenia,76.8585365853659,9.0,3.9,2.8,4.7,0.1,16.0,2.5
Slovenia,SVN,2004,2563.328,Slovenia,77.2073170731707,10.0,3.7,2.6,4.4,0.1,14.0,2.5
Slovenia,SVN,2005,2654.465,Slovenia,77.6121951219512,9.0,3.5,2.4,4.2,0.1,15.0,2.5
Slovenia,SVN,2006,2728.433,Slovenia,78.0865853658537,8.0,3.3,2.3,4.0,0.1,12.0,2.5
Slovenia,SVN,2007,2795.158,Slovenia,78.5609756097561,7.0,3.1,2.1,3.8,0.1,12.0,2.5
Slovenia,SVN,2008,2977.934,Slovenia,78.7658536585366,6.0,2.9,2.0,3.6,0.1,12.0,2.5
Slovenia,SVN,2009,3051.665,Slovenia,78.9707317073171,7.0,2.8,1.9,3.4,0.1,11.0,2.5
Slovenia,SVN,2010,2992.742,Slovenia,79.4219512195122,6.0,2.6,1.8,3.2,0.1,9.5,2.5
Slovenia,SVN,2011,2974.925,Slovenia,79.9707317073171,6.0,2.5,1.7,3.1,0.1,10.0,2.5
Slovenia,SVN,2012,2922.1,Slovenia,80.1243902439024,6.0,2.4,1.7,2.9,0.1,7.5,2.5
Slovenia,SVN,2013,2915.911,Slovenia,80.3219512195122,5.0,2.3,1.6,2.8,0.1,7.8,2.5
Slovenia,SVN,2014,2929.327,Slovenia,81.0780487804878,5.0,2.2,1.5,2.7,0.1,7.9,2.5
Slovenia,SVN,2015,3043.31,Slovenia,80.7756097560976,5.0,2.1,1.5,2.6,0.1,7.2,2.5
Slovenia,SVN,2016,3147.847,Slovenia,81.1756097560976,5.0,2.1,1.4,2.6,0.1,6.6,2.5
Slovenia,SVN,2017,3175.68,Slovenia,81.0292682926829,4.0,2.0,1.4,2.5,0.1,6.2,2.5
Slovenia,SVN,2018,3343.208,Slovenia,81.3780487804878,4.0,2.0,1.4,2.4,0.1,5.4,2.5
Slovenia,SVN,2019,3541.763,Slovenia,81.5292682926829,3.0,2.0,1.4,2.4,0.1,5.4,2.5
Slovenia,SVN,2020,3756.19,Slovenia,80.5317073170732,5.0,1.9,1.4,2.4,0.1,4.1,2.5
South Africa,ZAF,2001,714.535,South Africa,57.261,168.0,49.4,16.9,73.2,13.8,867.0,3.7
South Africa,ZAF,2002,734.062,South Africa,55.666,193.0,49.8,16.3,75.1,14.5,971.0,3.6
South Africa,ZAF,2003,801.706,South Africa,54.331,205.0,49.7,15.7,76.3,15.0,1070.0,3.6
South Africa,ZAF,2004,808.88,South Africa,54.043,232.0,49.6,15.1,77.5,15.5,1150.0,3.4
South Africa,ZAF,2005,835.105,South Africa,53.98,221.0,49.9,14.6,79.0,15.8,1210.0,3.4
South Africa,ZAF,2006,903.852,South Africa,54.278,208.0,49.1,14.1,78.7,16.2,1250.0,3.5
South Africa,ZAF,2007,955.044,South Africa,54.992,218.0,47.5,13.6,74.5,16.5,1270.0,3.6
South Africa,ZAF,2008,991.138,South Africa,56.022,216.0,44.0,13.1,67.9,16.8,1270.0,3.6
South Africa,ZAF,2009,1034.365,South Africa,57.447,225.0,40.0,12.6,60.0,17.2,1260.0,4.1
South Africa,ZAF,2010,1081.68,South Africa,58.899,219.0,35.7,12.1,51.6,17.5,1230.0,4.6
South Africa,ZAF,2011,1118.901,South Africa,60.651,194.0,33.4,11.7,45.5,17.8,1200.0,5.1
South Africa,ZAF,2012,1121.42,South Africa,61.846,164.0,32.0,11.3,41.7,18.1,1160.0,5.2
South Africa,ZAF,2013,1141.445,South Africa,62.533,151.0,31.1,11.1,39.8,18.3,1110.0,5.5
South Africa,ZAF,2014,1102.436,South Africa,63.38,141.0,30.4,11.0,38.6,18.6,1070.0,6.3
South Africa,ZAF,2015,1130.782,South Africa,63.95,141.0,29.8,11.0,37.8,18.7,988.0,6.5
South Africa,ZAF,2016,1130.073,South Africa,64.747,127.0,29.4,11.1,37.2,18.8,805.0,6.3
South Africa,ZAF,2017,1120.011,South Africa,65.402,133.0,28.9,11.2,36.6,18.8,738.0,5.7
South Africa,ZAF,2018,1134.349,South Africa,65.674,125.0,28.5,11.2,36.1,18.8,677.0,5.7
South Africa,ZAF,2019,1151.845,South Africa,66.175,118.0,28.2,11.2,35.6,18.7,615.0,6.2
South Africa,ZAF,2020,1192.889,South Africa,65.252,127.0,28.1,11.2,35.3,18.5,562.0,6.9
Spain,ESP,2001,2515.454,Spain,79.3682926829268,5.0,4.2,2.7,5.3,0.4,19.0,2.5
Spain,ESP,2002,2591.128,Spain,79.5682926829268,5.0,4.1,2.7,5.1,0.4,20.0,2.5
Spain,ESP,2003,2946.589,Spain,79.619512195122,5.0,4.1,2.6,5.0,0.4,27.0,2.5
Spain,ESP,2004,3035.074,Spain,79.8707317073171,5.0,3.9,2.5,4.9,0.4,16.0,2.5
Spain,ESP,2005,3152.315,Spain,80.1707317073171,4.0,3.8,2.4,4.7,0.4,19.0,2.5
Spain,ESP,2006,3278.309,Spain,80.8219512195122,4.0,3.7,2.3,4.5,0.3,20.0,2.5
Spain,ESP,2007,3374.257,Spain,80.8731707317073,4.0,3.6,2.2,4.4,0.3,19.0,2.5
Spain,ESP,2008,3498.843,Spain,81.1756097560976,4.0,3.4,2.2,4.2,0.3,19.0,2.5
Spain,ESP,2009,3649.727,Spain,81.4756097560976,4.0,3.3,2.1,4.0,0.3,18.0,2.5
Spain,ESP,2010,3598.611,Spain,81.6268292682927,4.0,3.2,2.1,3.8,0.3,17.0,2.5
Spain,ESP,2011,3516.177,Spain,82.4756097560976,4.0,3.0,2.1,3.7,0.3,16.0,2.5
Spain,ESP,2012,3364.255,Spain,82.4268292682927,4.0,2.9,2.1,3.6,0.3,14.0,2.5
Spain,ESP,2013,3281.297,Spain,83.0780487804878,4.0,2.9,2.0,3.5,0.3,13.0,2.5
Spain,ESP,2014,3333.149,Spain,83.2292682926829,4.0,2.8,2.0,3.4,0.3,12.0,2.5
Spain,ESP,2015,3494.067,Spain,82.8317073170732,4.0,2.8,1.9,3.3,0.3,9.9,2.5
Spain,ESP,2016,3535.115,Spain,83.3292682926829,4.0,2.7,1.9,3.3,0.3,12.0,2.5
Spain,ESP,2017,3626.325,Spain,83.2829268292683,4.0,2.7,1.9,3.2,0.3,11.0,2.5
Spain,ESP,2018,3708.217,Spain,83.4317073170732,4.0,2.7,1.9,3.2,0.3,11.0,2.5
Spain,ESP,2019,3818.956,Spain,83.8317073170732,3.0,2.7,1.8,3.2,0.3,9.9,2.5
Spain,ESP,2020,3996.229,Spain,82.3317073170732,3.0,2.6,1.8,3.1,0.3,7.1,2.5
Switzerland,CHE,2001,5289.729,Switzerland,80.1804878048781,9.0,4.6,3.4,5.5,0.2,8.7,2.5
Switzerland,CHE,2002,5483.257,Switzerland,80.3853658536585,9.0,4.5,3.4,5.4,0.2,9.4,2.5
Switzerland,CHE,2003,5584.412,Switzerland,80.5365853658537,9.0,4.5,3.4,5.3,0.2,9.0,2.5
Switzerland,CHE,2004,5736.163,Switzerland,81.0878048780488,9.0,4.4,3.3,5.2,0.2,8.6,2.5
Switzerland,CHE,2005,5757.593,Switzerland,81.2365853658537,9.0,4.3,3.3,5.1,0.2,8.0,2.5
Switzerland,CHE,2006,5712.581,Switzerland,81.490243902439,9.0,4.2,3.2,4.9,0.2,7.3,2.5
Switzerland,CHE,2007,5829.825,Switzerland,81.7414634146342,8.0,4.1,3.2,4.8,0.2,6.4,2.5
Switzerland,CHE,2008,5961.096,Switzerland,81.9926829268293,8.0,4.0,3.2,4.7,0.2,7.0,2.5
Switzerland,CHE,2009,6167.952,Switzerland,82.0439024390244,8.0,4.0,3.2,4.6,0.2,7.5,2.5
Switzerland,CHE,2010,6205.299,Switzerland,82.2463414634147,8.0,3.9,3.1,4.6,0.2,7.5,2.5
Switzerland,CHE,2011,6333.592,Switzerland,82.6951219512195,8.0,3.9,3.1,4.5,0.2,7.6,2.5
Switzerland,CHE,2012,6529.191,Switzerland,82.6975609756098,7.0,3.8,3.1,4.4,0.2,6.0,2.5
Switzerland,CHE,2013,6749.37,Switzerland,82.7975609756098,7.0,3.8,3.0,4.4,0.2,6.6,2.5
Switzerland,CHE,2014,6844.79,Switzerland,83.1975609756098,7.0,3.7,3.0,4.3,0.2,5.9,2.5
Switzerland,CHE,2015,7070.32,Switzerland,82.8975609756098,6.0,3.7,3.0,4.3,0.2,7.4,2.5
Switzerland,CHE,2016,7244.331,Switzerland,83.6024390243903,8.0,3.7,2.9,4.2,0.2,7.9,2.5
Switzerland,CHE,2017,7305.39,Switzerland,83.5512195121951,6.0,3.6,2.9,4.1,0.2,7.2,2.5
Switzerland,CHE,2018,7288.907,Switzerland,83.7536585365854,7.0,3.6,2.8,4.1,0.2,6.4,2.5
Switzerland,CHE,2019,7479.161,Switzerland,83.9048780487805,7.0,3.5,2.8,4.0,0.2,5.4,2.5
Switzerland,CHE,2020,7621.094,Switzerland,83.0,7.0,3.5,2.8,4.0,0.2,4.7,2.5
United States,USA,2010,9156.877,United States,78.5414634146342,14.0,6.2,4.1,7.3,0.4,4.1,2.5
United States,USA,2011,9155.475,United States,78.6414634146341,15.0,6.1,4.1,7.2,0.4,3.9,2.5
United States,USA,2012,9288.591,United States,78.7414634146342,16.0,6.0,4.1,7.1,0.4,3.6,2.5
United States,USA,2013,9339.713,United States,78.7414634146342,16.0,5.9,4.0,7.0,0.4,3.3,2.5
United States,USA,2014,9643.881,United States,78.8414634146341,17.0,5.9,4.0,6.9,0.4,3.2,2.5
United States,USA,2015,10091.061,United States,78.690243902439,17.0,5.8,3.9,6.8,0.4,3.2,2.5
United States,USA,2016,10384.558,United States,78.5390243902439,18.0,5.7,3.8,6.7,0.4,3.1,2.5
United States,USA,2017,10537.306,United States,78.5390243902439,19.0,5.6,3.8,6.6,0.4,3.0,2.5
United States,USA,2018,10720.674,United States,78.6390243902439,19.0,5.6,3.8,6.5,0.4,2.9,2.5
United States,USA,2019,10995.237,United States,78.7878048780488,20.0,5.5,3.7,6.5,0.4,2.9,2.5
United States,USA,2020,11926.393,United States,76.9804878048781,21.0,5.5,3.6,6.4,0.4,2.3,2.5
